,Distribución por fuente de ingresos,Periodo,Total,cod_mun,nom_mun,Total_num
2916,Renta bruta media por persona,2020,"15.014,0",08015,Badalona,15014.0
2917,Renta bruta media por persona,2019,"14.885,0",08015,Badalona,14885.0
2922,Fuente de ingreso: salario,2020,"9.079,0",08015,Badalona,9079.0
2923,Fuente de ingreso: salario,2019,"9.511,0",08015,Badalona,9511.0
2928,Fuente de ingreso: pensiones,2020,"3.198,0",08015,Badalona,3198.0
2929,Fuente de ingreso: pensiones,2019,"3.097,0",08015,Badalona,3097.0
2934,Fuente de ingreso: prestaciones por desempleo,2020,"780,0",08015,Badalona,780.0
2935,Fuente de ingreso: prestaciones por desempleo,2019,"262,0",08015,Badalona,262.0
2940,Fuente de ingreso: otras prestaciones,2020,"758,0",08015,Badalona,758.0
2941,Fuente de ingreso: otras prestaciones,2019,"705,0",08015,Badalona,705.0
2946,Fuente de ingreso: otros ingresos,2020,"1.200,0",08015,Badalona,1200.0
2947,Fuente de ingreso: otros ingresos,2019,"1.310,0",08015,Badalona,1310.0
9036,Renta bruta media por persona,2020,"21.413,0",08019,Barcelona,21413.0
9037,Renta bruta media por persona,2019,"21.668,0",08019,Barcelona,21668.0
9042,Fuente de ingreso: salario,2020,"12.244,0",08019,Barcelona,12244.0
9043,Fuente de ingreso: salario,2019,"12.787,0",08019,Barcelona,12787.0
9048,Fuente de ingreso: pensiones,2020,"4.227,0",08019,Barcelona,4227.0
9049,Fuente de ingreso: pensiones,2019,"4.091,0",08019,Barcelona,4091.0
9054,Fuente de ingreso: prestaciones por desempleo,2020,"794,0",08019,Barcelona,794.0
9055,Fuente de ingreso: prestaciones por desempleo,2019,"232,0",08019,Barcelona,232.0
9060,Fuente de ingreso: otras prestaciones,2020,"734,0",08019,Barcelona,734.0
9061,Fuente de ingreso: otras prestaciones,2019,"687,0",08019,Barcelona,687.0
9066,Fuente de ingreso: otros ingresos,2020,"3.413,0",08019,Barcelona,3413.0
9067,Fuente de ingreso: otros ingresos,2019,"3.871,0",08019,Barcelona,3871.0
47880,Renta bruta media por persona,2020,"23.361,0",08020,Begues,23361.0
47881,Renta bruta media por persona,2019,"23.656,0",08020,Begues,23656.0
47886,Fuente de ingreso: salario,2020,"15.683,0",08020,Begues,15683.0
47887,Fuente de ingreso: salario,2019,"16.036,0",08020,Begues,16036.0
47892,Fuente de ingreso: pensiones,2020,"2.930,0",08020,Begues,2930.0
47893,Fuente de ingreso: pensiones,2019,"3.018,0",08020,Begues,3018.0
47898,Fuente de ingreso: prestaciones por desempleo,2020,"786,0",08020,Begues,786.0
47899,Fuente de ingreso: prestaciones por desempleo,2019,"228,0",08020,Begues,228.0
47904,Fuente de ingreso: otras prestaciones,2020,"663,0",08020,Begues,663.0
47905,Fuente de ingreso: otras prestaciones,2019,"621,0",08020,Begues,621.0
47910,Fuente de ingreso: otros ingresos,2020,"3.300,0",08020,Begues,3300.0
47911,Fuente de ingreso: otros ingresos,2019,"3.752,0",08020,Begues,3752.0
55368,Renta bruta media por persona,2020,"20.373,0",08056,Castelldefels,20373.0
55369,Renta bruta media por persona,2019,"20.540,0",08056,Castelldefels,20540.0
55374,Fuente de ingreso: salario,2020,"13.263,0",08056,Castelldefels,13263.0
55375,Fuente de ingreso: salario,2019,"13.951,0",08056,Castelldefels,13951.0
55380,Fuente de ingreso: pensiones,2020,"2.682,0",08056,Castelldefels,2682.0
55381,Fuente de ingreso: pensiones,2019,"2.564,0",08056,Castelldefels,2564.0
55386,Fuente de ingreso: prestaciones por desempleo,2020,"892,0",08056,Castelldefels,892.0
55387,Fuente de ingreso: prestaciones por desempleo,2019,"246,0",08056,Castelldefels,246.0
55392,Fuente de ingreso: otras prestaciones,2020,"663,0",08056,Castelldefels,663.0
55393,Fuente de ingreso: otras prestaciones,2019,"601,0",08056,Castelldefels,601.0
55398,Fuente de ingreso: otros ingresos,2020,"2.873,0",08056,Castelldefels,2873.0
55399,Fuente de ingreso: otros ingresos,2019,"3.177,0",08056,Castelldefels,3177.0
59292,Renta bruta media por persona,2020,"15.459,0",08073,Cornellà de Llobregat,15459.0
59293,Renta bruta media por persona,2019,"15.341,0",08073,Cornellà de Llobregat,15341.0
59298,Fuente de ingreso: salario,2020,"9.632,0",08073,Cornellà de Llobregat,9632.0
59299,Fuente de ingreso: salario,2019,"10.078,0",08073,Cornellà de Llobregat,10078.0
59304,Fuente de ingreso: pensiones,2020,"3.154,0",08073,Cornellà de Llobregat,3154.0
59305,Fuente de ingreso: pensiones,2019,"3.068,0",08073,Cornellà de Llobregat,3068.0
59310,Fuente de ingreso: prestaciones por desempleo,2020,"807,0",08073,Cornellà de Llobregat,807.0
59311,Fuente de ingreso: prestaciones por desempleo,2019,"262,0",08073,Cornellà de Llobregat,262.0
59316,Fuente de ingreso: otras prestaciones,2020,"787,0",08073,Cornellà de Llobregat,787.0
59317,Fuente de ingreso: otras prestaciones,2019,"753,0",08073,Cornellà de Llobregat,753.0
59322,Fuente de ingreso: otros ingresos,2020,"1.079,0",08073,Cornellà de Llobregat,1079.0
59323,Fuente de ingreso: otros ingresos,2019,"1.180,0",08073,Cornellà de Llobregat,1180.0
63252,Renta bruta media por persona,2020,"19.652,0",08077,Esplugues de Llobregat,19652.0
63253,Renta bruta media por persona,2019,"20.016,0",08077,Esplugues de Llobregat,20016.0
63258,Fuente de ingreso: salario,2020,"11.427,0",08077,Esplugues de Llobregat,11427.0
63259,Fuente de ingreso: salario,2019,"12.100,0",08077,Esplugues de Llobregat,12100.0
63264,Fuente de ingreso: pensiones,2020,"4.019,0",08077,Esplugues de Llobregat,4019.0
63265,Fuente de ingreso: pensiones,2019,"3.858,0",08077,Esplugues de Llobregat,3858.0
63270,Fuente de ingreso: prestaciones por desempleo,2020,"753,0",08077,Esplugues de Llobregat,753.0
63271,Fuente de ingreso: prestaciones por desempleo,2019,"238,0",08077,Esplugues de Llobregat,238.0
63276,Fuente de ingreso: otras prestaciones,2020,"771,0",08077,Esplugues de Llobregat,771.0
63277,Fuente de ingreso: otras prestaciones,2019,"745,0",08077,Esplugues de Llobregat,745.0
63282,Fuente de ingreso: otros ingresos,2020,"2.683,0",08077,Esplugues de Llobregat,2683.0
63283,Fuente de ingreso: otros ingresos,2019,"3.075,0",08077,Esplugues de Llobregat,3075.0
66636,Renta bruta media por persona,2020,"18.071,0",08089,Gavà,18071.0
66637,Renta bruta media por persona,2019,"17.916,0",08089,Gavà,17916.0
66642,Fuente de ingreso: salario,2020,"11.494,0",08089,Gavà,11494.0
66643,Fuente de ingreso: salario,2019,"11.905,0",08089,Gavà,11905.0
66648,Fuente de ingreso: pensiones,2020,"3.083,0",08089,Gavà,3083.0
66649,Fuente de ingreso: pensiones,2019,"3.003,0",08089,Gavà,3003.0
66654,Fuente de ingreso: prestaciones por desempleo,2020,"841,0",08089,Gavà,841.0
66655,Fuente de ingreso: prestaciones por desempleo,2019,"254,0",08089,Gavà,254.0
66660,Fuente de ingreso: otras prestaciones,2020,"764,0",08089,Gavà,764.0
66661,Fuente de ingreso: otras prestaciones,2019,"720,0",08089,Gavà,720.0
66666,Fuente de ingreso: otros ingresos,2020,"1.889,0",08089,Gavà,1889.0
66667,Fuente de ingreso: otros ingresos,2019,"2.034,0",08089,Gavà,2034.0
70668,Renta bruta media por persona,2020,"13.830,0",08101,"Hospitalet de Llobregat, L'",13830.0
70669,Renta bruta media por persona,2019,"13.845,0",08101,"Hospitalet de Llobregat, L'",13845.0
70674,Fuente de ingreso: salario,2020,"8.240,0",08101,"Hospitalet de Llobregat, L'",8240.0
70675,Fuente de ingreso: salario,2019,"8.848,0",08101,"Hospitalet de Llobregat, L'",8848.0
70680,Fuente de ingreso: pensiones,2020,"3.147,0",08101,"Hospitalet de Llobregat, L'",3147.0
70681,Fuente de ingreso: pensiones,2019,"3.066,0",08101,"Hospitalet de Llobregat, L'",3066.0
70686,Fuente de ingreso: prestaciones por desempleo,2020,"848,0",08101,"Hospitalet de Llobregat, L'",848.0
70687,Fuente de ingreso: prestaciones por desempleo,2019,"255,0",08101,"Hospitalet de Llobregat, L'",255.0
70692,Fuente de ingreso: otras prestaciones,2020,"694,0",08101,"Hospitalet de Llobregat, L'",694.0
70693,Fuente de ingreso: otras prestaciones,2019,"656,0",08101,"Hospitalet de Llobregat, L'",656.0
70698,Fuente de ingreso: otros ingresos,2020,"901,0",08101,"Hospitalet de Llobregat, L'",901.0
70699,Fuente de ingreso: otros ingresos,2019,"1.020,0",08101,"Hospitalet de Llobregat, L'",1020.0
79308,Renta bruta media por persona,2020,"14.026,0",08105,"Llagosta, La",14026.0
79309,Renta bruta media por persona,2019,"13.800,0",08105,"Llagosta, La",13800.0
79314,Fuente de ingreso: salario,2020,"8.708,0",08105,"Llagosta, La",8708.0
79315,Fuente de ingreso: salario,2019,"9.072,0",08105,"Llagosta, La",9072.0
79320,Fuente de ingreso: pensiones,2020,"2.967,0",08105,"Llagosta, La",2967.0
79321,Fuente de ingreso: pensiones,2019,"2.876,0",08105,"Llagosta, La",2876.0
79326,Fuente de ingreso: prestaciones por desempleo,2020,"822,0",08105,"Llagosta, La",822.0
79327,Fuente de ingreso: prestaciones por desempleo,2019,"297,0",08105,"Llagosta, La",297.0
79332,Fuente de ingreso: otras prestaciones,2020,"784,0",08105,"Llagosta, La",784.0
79333,Fuente de ingreso: otras prestaciones,2019,"723,0",08105,"Llagosta, La",723.0
79338,Fuente de ingreso: otros ingresos,2020,"744,0",08105,"Llagosta, La",744.0
79339,Fuente de ingreso: otros ingresos,2019,"833,0",08105,"Llagosta, La",833.0
91152,Renta bruta media por persona,2020,"15.189,0",08125,Montcada i Reixac,15189.0
91153,Renta bruta media por persona,2019,"15.225,0",08125,Montcada i Reixac,15225.0
91158,Fuente de ingreso: salario,2020,"9.819,0",08125,Montcada i Reixac,9819.0
91159,Fuente de ingreso: salario,2019,"10.376,0",08125,Montcada i Reixac,10376.0
91164,Fuente de ingreso: pensiones,2020,"2.666,0",08125,Montcada i Reixac,2666.0
91165,Fuente de ingreso: pensiones,2019,"2.570,0",08125,Montcada i Reixac,2570.0
91170,Fuente de ingreso: prestaciones por desempleo,2020,"832,0",08125,Montcada i Reixac,832.0
91171,Fuente de ingreso: prestaciones por desempleo,2019,"289,0",08125,Montcada i Reixac,289.0
91176,Fuente de ingreso: otras prestaciones,2020,"762,0",08125,Montcada i Reixac,762.0
91177,Fuente de ingreso: otras prestaciones,2019,"707,0",08125,Montcada i Reixac,707.0
91182,Fuente de ingreso: otros ingresos,2020,"1.109,0",08125,Montcada i Reixac,1109.0
91183,Fuente de ingreso: otros ingresos,2019,"1.283,0",08125,Montcada i Reixac,1283.0
92196,Renta bruta media por persona,2020,"19.142,0",08126,Montgat,19142.0
92197,Renta bruta media por persona,2019,"18.896,0",08126,Montgat,18896.0
92202,Fuente de ingreso: salario,2020,"12.711,0",08126,Montgat,12711.0
92203,Fuente de ingreso: salario,2019,"13.024,0",08126,Montgat,13024.0
92208,Fuente de ingreso: pensiones,2020,"2.900,0",08126,Montgat,2900.0
92209,Fuente de ingreso: pensiones,2019,"2.793,0",08126,Montgat,2793.0
92214,Fuente de ingreso: prestaciones por desempleo,2020,"831,0",08126,Montgat,831.0
92215,Fuente de ingreso: prestaciones por desempleo,2019,"273,0",08126,Montgat,273.0
92220,Fuente de ingreso: otras prestaciones,2020,"707,0",08126,Montgat,707.0
92221,Fuente de ingreso: otras prestaciones,2019,"677,0",08126,Montgat,677.0
92226,Fuente de ingreso: otros ingresos,2020,"1.993,0",08126,Montgat,1993.0
92227,Fuente de ingreso: otros ingresos,2019,"2.129,0",08126,Montgat,2129.0
97452,Renta bruta media por persona,2020,"19.653,0",08157,Pallejà,19653.0
97453,Renta bruta media por persona,2019,"19.667,0",08157,Pallejà,19667.0
97458,Fuente de ingreso: salario,2020,"12.946,0",08157,Pallejà,12946.0
97459,Fuente de ingreso: salario,2019,"13.367,0",08157,Pallejà,13367.0
97464,Fuente de ingreso: pensiones,2020,"2.931,0",08157,Pallejà,2931.0
97465,Fuente de ingreso: pensiones,2019,"2.898,0",08157,Pallejà,2898.0
97470,Fuente de ingreso: prestaciones por desempleo,2020,"752,0",08157,Pallejà,752.0
97471,Fuente de ingreso: prestaciones por desempleo,2019,"246,0",08157,Pallejà,246.0
97476,Fuente de ingreso: otras prestaciones,2020,"731,0",08157,Pallejà,731.0
97477,Fuente de ingreso: otras prestaciones,2019,"687,0",08157,Pallejà,687.0
97482,Fuente de ingreso: otros ingresos,2020,"2.294,0",08157,Pallejà,2294.0
97483,Fuente de ingreso: otros ingresos,2019,"2.469,0",08157,Pallejà,2469.0
97704,Renta bruta media por persona,2020,"18.069,0",08158,"Papiol, El",18069.0
97705,Renta bruta media por persona,2019,"18.447,0",08158,"Papiol, El",18447.0
97710,Fuente de ingreso: salario,2020,"11.852,0",08158,"Papiol, El",11852.0
97711,Fuente de ingreso: salario,2019,"12.604,0",08158,"Papiol, El",12604.0
97716,Fuente de ingreso: pensiones,2020,"2.674,0",08158,"Papiol, El",2674.0
97717,Fuente de ingreso: pensiones,2019,"2.686,0",08158,"Papiol, El",2686.0
97722,Fuente de ingreso: prestaciones por desempleo,2020,"861,0",08158,"Papiol, El",861.0
97723,Fuente de ingreso: prestaciones por desempleo,2019,"256,0",08158,"Papiol, El",256.0
97728,Fuente de ingreso: otras prestaciones,2020,"693,0",08158,"Papiol, El",693.0
97729,Fuente de ingreso: otras prestaciones,2019,"651,0",08158,"Papiol, El",651.0
97734,Fuente de ingreso: otros ingresos,2020,"1.989,0",08158,"Papiol, El",1989.0
97735,Fuente de ingreso: otros ingresos,2019,"2.251,0",08158,"Papiol, El",2251.0
103644,Renta bruta media por persona,2020,"14.902,0",08180,Ripollet,14902.0
103645,Renta bruta media por persona,2019,"14.649,0",08180,Ripollet,14649.0
103650,Fuente de ingreso: salario,2020,"9.893,0",08180,Ripollet,9893.0
103651,Fuente de ingreso: salario,2019,"10.193,0",08180,Ripollet,10193.0
103656,Fuente de ingreso: pensiones,2020,"2.448,0",08180,Ripollet,2448.0
103657,Fuente de ingreso: pensiones,2019,"2.367,0",08180,Ripollet,2367.0
103662,Fuente de ingreso: prestaciones por desempleo,2020,"842,0",08180,Ripollet,842.0
103663,Fuente de ingreso: prestaciones por desempleo,2019,"303,0",08180,Ripollet,303.0
103668,Fuente de ingreso: otras prestaciones,2020,"776,0",08180,Ripollet,776.0
103669,Fuente de ingreso: otras prestaciones,2019,"724,0",08180,Ripollet,724.0
103674,Fuente de ingreso: otros ingresos,2020,"943,0",08180,Ripollet,943.0
103675,Fuente de ingreso: otros ingresos,2019,"1.063,0",08180,Ripollet,1063.0
106884,Renta bruta media por persona,2020,"16.409,0",08187,Sabadell,16409.0
106885,Renta bruta media por persona,2019,"16.370,0",08187,Sabadell,16370.0
106890,Fuente de ingreso: salario,2020,"10.069,0",08187,Sabadell,10069.0
106891,Fuente de ingreso: salario,2019,"10.478,0",08187,Sabadell,10478.0
106896,Fuente de ingreso: pensiones,2020,"3.211,0",08187,Sabadell,3211.0
106897,Fuente de ingreso: pensiones,2019,"3.111,0",08187,Sabadell,3111.0
106902,Fuente de ingreso: prestaciones por desempleo,2020,"751,0",08187,Sabadell,751.0
106903,Fuente de ingreso: prestaciones por desempleo,2019,"266,0",08187,Sabadell,266.0
106908,Fuente de ingreso: otras prestaciones,2020,"908,0",08187,Sabadell,908.0
106909,Fuente de ingreso: otras prestaciones,2019,"873,0",08187,Sabadell,873.0
106914,Fuente de ingreso: otros ingresos,2020,"1.471,0",08187,Sabadell,1471.0
106915,Fuente de ingreso: otros ingresos,2019,"1.642,0",08187,Sabadell,1642.0
113868,Renta bruta media por persona,2020,"13.333,0",08194,Sant Adrià de Besòs,13333.0
113869,Renta bruta media por persona,2019,"13.255,0",08194,Sant Adrià de Besòs,13255.0
113874,Fuente de ingreso: salario,2020,"8.152,0",08194,Sant Adrià de Besòs,8152.0
113875,Fuente de ingreso: salario,2019,"8.630,0",08194,Sant Adrià de Besòs,8630.0
113880,Fuente de ingreso: pensiones,2020,"2.684,0",08194,Sant Adrià de Besòs,2684.0
113881,Fuente de ingreso: pensiones,2019,"2.620,0",08194,Sant Adrià de Besòs,2620.0
113886,Fuente de ingreso: prestaciones por desempleo,2020,"827,0",08194,Sant Adrià de Besòs,827.0
113887,Fuente de ingreso: prestaciones por desempleo,2019,"276,0",08194,Sant Adrià de Besòs,276.0
113892,Fuente de ingreso: otras prestaciones,2020,"810,0",08194,Sant Adrià de Besòs,810.0
113893,Fuente de ingreso: otras prestaciones,2019,"754,0",08194,Sant Adrià de Besòs,754.0
113898,Fuente de ingreso: otros ingresos,2020,"860,0",08194,Sant Adrià de Besòs,860.0
113899,Fuente de ingreso: otros ingresos,2019,"974,0",08194,Sant Adrià de Besòs,974.0
116316,Renta bruta media por persona,2020,"15.875,0",08200,Sant Boi de Llobregat,15875.0
116317,Renta bruta media por persona,2019,"15.801,0",08200,Sant Boi de Llobregat,15801.0
116322,Fuente de ingreso: salario,2020,"9.971,0",08200,Sant Boi de Llobregat,9971.0
116323,Fuente de ingreso: salario,2019,"10.487,0",08200,Sant Boi de Llobregat,10487.0
116328,Fuente de ingreso: pensiones,2020,"3.173,0",08200,Sant Boi de Llobregat,3173.0
116329,Fuente de ingreso: pensiones,2019,"3.060,0",08200,Sant Boi de Llobregat,3060.0
116334,Fuente de ingreso: prestaciones por desempleo,2020,"808,0",08200,Sant Boi de Llobregat,808.0
116335,Fuente de ingreso: prestaciones por desempleo,2019,"265,0",08200,Sant Boi de Llobregat,265.0
116340,Fuente de ingreso: otras prestaciones,2020,"832,0",08200,Sant Boi de Llobregat,832.0
116341,Fuente de ingreso: otras prestaciones,2019,"785,0",08200,Sant Boi de Llobregat,785.0
116346,Fuente de ingreso: otros ingresos,2020,"1.090,0",08200,Sant Boi de Llobregat,1090.0
116347,Fuente de ingreso: otros ingresos,2019,"1.204,0",08200,Sant Boi de Llobregat,1204.0
119088,Renta bruta media por persona,2020,"18.254,0",08204,Sant Climent de Llobregat,18254.0
119089,Renta bruta media por persona,2019,"18.502,0",08204,Sant Climent de Llobregat,18502.0
119094,Fuente de ingreso: salario,2020,"12.827,0",08204,Sant Climent de Llobregat,12827.0
119095,Fuente de ingreso: salario,2019,"13.578,0",08204,Sant Climent de Llobregat,13578.0
119100,Fuente de ingreso: pensiones,2020,"2.334,0",08204,Sant Climent de Llobregat,2334.0
119101,Fuente de ingreso: pensiones,2019,"2.317,0",08204,Sant Climent de Llobregat,2317.0
119106,Fuente de ingreso: prestaciones por desempleo,2020,"880,0",08204,Sant Climent de Llobregat,880.0
119107,Fuente de ingreso: prestaciones por desempleo,2019,"234,0",08204,Sant Climent de Llobregat,234.0
119112,Fuente de ingreso: otras prestaciones,2020,"634,0",08204,Sant Climent de Llobregat,634.0
119113,Fuente de ingreso: otras prestaciones,2019,"593,0",08204,Sant Climent de Llobregat,593.0
119118,Fuente de ingreso: otros ingresos,2020,"1.579,0",08204,Sant Climent de Llobregat,1579.0
119119,Fuente de ingreso: otros ingresos,2019,"1.779,0",08204,Sant Climent de Llobregat,1779.0
119232,Renta bruta media por persona,2020,"29.115,0",08205,Sant Cugat del Vallès,29115.0
119233,Renta bruta media por persona,2019,"28.911,0",08205,Sant Cugat del Vallès,28911.0
119238,Fuente de ingreso: salario,2020,"19.029,0",08205,Sant Cugat del Vallès,19029.0
119239,Fuente de ingreso: salario,2019,"19.088,0",08205,Sant Cugat del Vallès,19088.0
119244,Fuente de ingreso: pensiones,2020,"3.154,0",08205,Sant Cugat del Vallès,3154.0
119245,Fuente de ingreso: pensiones,2019,"3.053,0",08205,Sant Cugat del Vallès,3053.0
119250,Fuente de ingreso: prestaciones por desempleo,2020,"622,0",08205,Sant Cugat del Vallès,622.0
119251,Fuente de ingreso: prestaciones por desempleo,2019,"200,0",08205,Sant Cugat del Vallès,200.0
119256,Fuente de ingreso: otras prestaciones,2020,"729,0",08205,Sant Cugat del Vallès,729.0
119257,Fuente de ingreso: otras prestaciones,2019,"678,0",08205,Sant Cugat del Vallès,678.0
119262,Fuente de ingreso: otros ingresos,2020,"5.581,0",08205,Sant Cugat del Vallès,5581.0
119263,Fuente de ingreso: otros ingresos,2019,"5.892,0",08205,Sant Cugat del Vallès,5892.0
122256,Renta bruta media por persona,2020,"18.757,0",08211,Sant Feliu de Llobregat,18757.0
122257,Renta bruta media por persona,2019,"18.756,0",08211,Sant Feliu de Llobregat,18756.0
122262,Fuente de ingreso: salario,2020,"12.198,0",08211,Sant Feliu de Llobregat,12198.0
122263,Fuente de ingreso: salario,2019,"12.654,0",08211,Sant Feliu de Llobregat,12654.0
122268,Fuente de ingreso: pensiones,2020,"3.285,0",08211,Sant Feliu de Llobregat,3285.0
122269,Fuente de ingreso: pensiones,2019,"3.237,0",08211,Sant Feliu de Llobregat,3237.0
122274,Fuente de ingreso: prestaciones por desempleo,2020,"761,0",08211,Sant Feliu de Llobregat,761.0
122275,Fuente de ingreso: prestaciones por desempleo,2019,"236,0",08211,Sant Feliu de Llobregat,236.0
122280,Fuente de ingreso: otras prestaciones,2020,"789,0",08211,Sant Feliu de Llobregat,789.0
122281,Fuente de ingreso: otras prestaciones,2019,"750,0",08211,Sant Feliu de Llobregat,750.0
122286,Fuente de ingreso: otros ingresos,2020,"1.725,0",08211,Sant Feliu de Llobregat,1725.0
122287,Fuente de ingreso: otros ingresos,2019,"1.879,0",08211,Sant Feliu de Llobregat,1879.0
124632,Renta bruta media por persona,2020,"19.811,0",08217,Sant Joan Despí,19811.0
124633,Renta bruta media por persona,2019,"19.729,0",08217,Sant Joan Despí,19729.0
124638,Fuente de ingreso: salario,2020,"13.254,0",08217,Sant Joan Despí,13254.0
124639,Fuente de ingreso: salario,2019,"13.680,0",08217,Sant Joan Despí,13680.0
124644,Fuente de ingreso: pensiones,2020,"3.107,0",08217,Sant Joan Despí,3107.0
124645,Fuente de ingreso: pensiones,2019,"3.034,0",08217,Sant Joan Despí,3034.0
124650,Fuente de ingreso: prestaciones por desempleo,2020,"769,0",08217,Sant Joan Despí,769.0
124651,Fuente de ingreso: prestaciones por desempleo,2019,"247,0",08217,Sant Joan Despí,247.0
124656,Fuente de ingreso: otras prestaciones,2020,"795,0",08217,Sant Joan Despí,795.0
124657,Fuente de ingreso: otras prestaciones,2019,"763,0",08217,Sant Joan Despí,763.0
124662,Fuente de ingreso: otros ingresos,2020,"1.886,0",08217,Sant Joan Despí,1886.0
124663,Fuente de ingreso: otros ingresos,2019,"2.007,0",08217,Sant Joan Despí,2007.0
126684,Renta bruta media por persona,2020,"29.481,0",08221,Sant Just Desvern,29481.0
126685,Renta bruta media por persona,2019,"30.453,0",08221,Sant Just Desvern,30453.0
126690,Fuente de ingreso: salario,2020,"18.323,0",08221,Sant Just Desvern,18323.0
126691,Fuente de ingreso: salario,2019,"18.461,0",08221,Sant Just Desvern,18461.0
126696,Fuente de ingreso: pensiones,2020,"3.670,0",08221,Sant Just Desvern,3670.0
126697,Fuente de ingreso: pensiones,2019,"3.818,0",08221,Sant Just Desvern,3818.0
126702,Fuente de ingreso: prestaciones por desempleo,2020,"656,0",08221,Sant Just Desvern,656.0
126703,Fuente de ingreso: prestaciones por desempleo,2019,"184,0",08221,Sant Just Desvern,184.0
126708,Fuente de ingreso: otras prestaciones,2020,"708,0",08221,Sant Just Desvern,708.0
126709,Fuente de ingreso: otras prestaciones,2019,"654,0",08221,Sant Just Desvern,654.0
126714,Fuente de ingreso: otros ingresos,2020,"6.122,0",08221,Sant Just Desvern,6122.0
126715,Fuente de ingreso: otros ingresos,2019,"7.336,0",08221,Sant Just Desvern,7336.0
131184,Renta bruta media por persona,2020,"19.788,0",08244,Santa Coloma de Cervelló,19788.0
131185,Renta bruta media por persona,2019,"19.295,0",08244,Santa Coloma de Cervelló,19295.0
131190,Fuente de ingreso: salario,2020,"14.048,0",08244,Santa Coloma de Cervelló,14048.0
131191,Fuente de ingreso: salario,2019,"14.128,0",08244,Santa Coloma de Cervelló,14128.0
131196,Fuente de ingreso: pensiones,2020,"2.498,0",08244,Santa Coloma de Cervelló,2498.0
131197,Fuente de ingreso: pensiones,2019,"2.391,0",08244,Santa Coloma de Cervelló,2391.0
131202,Fuente de ingreso: prestaciones por desempleo,2020,"736,0",08244,Santa Coloma de Cervelló,736.0
131203,Fuente de ingreso: prestaciones por desempleo,2019,"227,0",08244,Santa Coloma de Cervelló,227.0
131208,Fuente de ingreso: otras prestaciones,2020,"600,0",08244,Santa Coloma de Cervelló,600.0
131209,Fuente de ingreso: otras prestaciones,2019,"589,0",08244,Santa Coloma de Cervelló,589.0
131214,Fuente de ingreso: otros ingresos,2020,"1.906,0",08244,Santa Coloma de Cervelló,1906.0
131215,Fuente de ingreso: otros ingresos,2019,"1.962,0",08244,Santa Coloma de Cervelló,1962.0
131436,Renta bruta media por persona,2020,"12.562,0",08245,Santa Coloma de Gramenet,12562.0
131437,Renta bruta media por persona,2019,"12.544,0",08245,Santa Coloma de Gramenet,12544.0
131442,Fuente de ingreso: salario,2020,"7.372,0",08245,Santa Coloma de Gramenet,7372.0
131443,Fuente de ingreso: salario,2019,"7.902,0",08245,Santa Coloma de Gramenet,7902.0
131448,Fuente de ingreso: pensiones,2020,"2.924,0",08245,Santa Coloma de Gramenet,2924.0
131449,Fuente de ingreso: pensiones,2019,"2.874,0",08245,Santa Coloma de Gramenet,2874.0
131454,Fuente de ingreso: prestaciones por desempleo,2020,"812,0",08245,Santa Coloma de Gramenet,812.0
131455,Fuente de ingreso: prestaciones por desempleo,2019,"273,0",08245,Santa Coloma de Gramenet,273.0
131460,Fuente de ingreso: otras prestaciones,2020,"672,0",08245,Santa Coloma de Gramenet,672.0
131461,Fuente de ingreso: otras prestaciones,2019,"617,0",08245,Santa Coloma de Gramenet,617.0
131466,Fuente de ingreso: otros ingresos,2020,"782,0",08245,Santa Coloma de Gramenet,782.0
131467,Fuente de ingreso: otros ingresos,2019,"877,0",08245,Santa Coloma de Gramenet,877.0
140328,Renta bruta media por persona,2020,"19.440,0",08266,Cerdanyola del Vallès,19440.0
140329,Renta bruta media por persona,2019,"19.400,0",08266,Cerdanyola del Vallès,19400.0
140334,Fuente de ingreso: salario,2020,"12.123,0",08266,Cerdanyola del Vallès,12123.0
140335,Fuente de ingreso: salario,2019,"12.544,0",08266,Cerdanyola del Vallès,12544.0
140340,Fuente de ingreso: pensiones,2020,"3.661,0",08266,Cerdanyola del Vallès,3661.0
140341,Fuente de ingreso: pensiones,2019,"3.501,0",08266,Cerdanyola del Vallès,3501.0
140346,Fuente de ingreso: prestaciones por desempleo,2020,"722,0",08266,Cerdanyola del Vallès,722.0
140347,Fuente de ingreso: prestaciones por desempleo,2019,"239,0",08266,Cerdanyola del Vallès,239.0
140352,Fuente de ingreso: otras prestaciones,2020,"749,0",08266,Cerdanyola del Vallès,749.0
140353,Fuente de ingreso: otras prestaciones,2019,"723,0",08266,Cerdanyola del Vallès,723.0
140358,Fuente de ingreso: otros ingresos,2020,"2.186,0",08266,Cerdanyola del Vallès,2186.0
140359,Fuente de ingreso: otros ingresos,2019,"2.394,0",08266,Cerdanyola del Vallès,2394.0
142164,Renta bruta media por persona,2020,"23.479,0",08270,Sitges,23479.0
142165,Renta bruta media por persona,2019,"23.472,0",08270,Sitges,23472.0
142170,Fuente de ingreso: salario,2020,"13.443,0",08270,Sitges,13443.0
142171,Fuente de ingreso: salario,2019,"13.898,0",08270,Sitges,13898.0
142176,Fuente de ingreso: pensiones,2020,"3.504,0",08270,Sitges,3504.0
142177,Fuente de ingreso: pensiones,2019,"3.375,0",08270,Sitges,3375.0
142182,Fuente de ingreso: prestaciones por desempleo,2020,"895,0",08270,Sitges,895.0
142183,Fuente de ingreso: prestaciones por desempleo,2019,"236,0",08270,Sitges,236.0
142188,Fuente de ingreso: otras prestaciones,2020,"694,0",08270,Sitges,694.0
142189,Fuente de ingreso: otras prestaciones,2019,"553,0",08270,Sitges,553.0
142194,Fuente de ingreso: otros ingresos,2020,"4.942,0",08270,Sitges,4942.0
142195,Fuente de ingreso: otros ingresos,2019,"5.411,0",08270,Sitges,5411.0
149616,Renta bruta media por persona,2020,"25.931,0",08282,Tiana,25931.0
149617,Renta bruta media por persona,2019,"26.359,0",08282,Tiana,26359.0
149622,Fuente de ingreso: salario,2020,"16.286,0",08282,Tiana,16286.0
149623,Fuente de ingreso: salario,2019,"16.606,0",08282,Tiana,16606.0
149628,Fuente de ingreso: pensiones,2020,"3.723,0",08282,Tiana,3723.0
149629,Fuente de ingreso: pensiones,2019,"3.548,0",08282,Tiana,3548.0
149634,Fuente de ingreso: prestaciones por desempleo,2020,"707,0",08282,Tiana,707.0
149635,Fuente de ingreso: prestaciones por desempleo,2019,"199,0",08282,Tiana,199.0
149640,Fuente de ingreso: otras prestaciones,2020,"686,0",08282,Tiana,686.0
149641,Fuente de ingreso: otras prestaciones,2019,"642,0",08282,Tiana,642.0
149646,Fuente de ingreso: otros ingresos,2020,"4.529,0",08282,Tiana,4529.0
149647,Fuente de ingreso: otros ingresos,2019,"5.364,0",08282,Tiana,5364.0
151236,Renta bruta media por persona,2020,"19.932,0",08289,Torrelles de Llobregat,19932.0
151237,Renta bruta media por persona,2019,"19.654,0",08289,Torrelles de Llobregat,19654.0
151242,Fuente de ingreso: salario,2020,"13.590,0",08289,Torrelles de Llobregat,13590.0
151243,Fuente de ingreso: salario,2019,"13.747,0",08289,Torrelles de Llobregat,13747.0
151248,Fuente de ingreso: pensiones,2020,"2.538,0",08289,Torrelles de Llobregat,2538.0
151249,Fuente de ingreso: pensiones,2019,"2.460,0",08289,Torrelles de Llobregat,2460.0
151254,Fuente de ingreso: prestaciones por desempleo,2020,"830,0",08289,Torrelles de Llobregat,830.0
151255,Fuente de ingreso: prestaciones por desempleo,2019,"249,0",08289,Torrelles de Llobregat,249.0
151260,Fuente de ingreso: otras prestaciones,2020,"683,0",08289,Torrelles de Llobregat,683.0
151261,Fuente de ingreso: otras prestaciones,2019,"658,0",08289,Torrelles de Llobregat,658.0
151266,Fuente de ingreso: otros ingresos,2020,"2.290,0",08289,Torrelles de Llobregat,2290.0
151267,Fuente de ingreso: otros ingresos,2019,"2.540,0",08289,Torrelles de Llobregat,2540.0
154224,Renta bruta media por persona,2020,"16.247,0",08301,Viladecans,16247.0
154225,Renta bruta media por persona,2019,"16.149,0",08301,Viladecans,16149.0
154230,Fuente de ingreso: salario,2020,"10.707,0",08301,Viladecans,10707.0
154231,Fuente de ingreso: salario,2019,"11.231,0",08301,Viladecans,11231.0
154236,Fuente de ingreso: pensiones,2020,"2.748,0",08301,Viladecans,2748.0
154237,Fuente de ingreso: pensiones,2019,"2.636,0",08301,Viladecans,2636.0
154242,Fuente de ingreso: prestaciones por desempleo,2020,"854,0",08301,Viladecans,854.0
154243,Fuente de ingreso: prestaciones por desempleo,2019,"261,0",08301,Viladecans,261.0
154248,Fuente de ingreso: otras prestaciones,2020,"749,0",08301,Viladecans,749.0
154249,Fuente de ingreso: otras prestaciones,2019,"708,0",08301,Viladecans,708.0
154254,Fuente de ingreso: otros ingresos,2020,"1.189,0",08301,Viladecans,1189.0
154255,Fuente de ingreso: otros ingresos,2019,"1.313,0",08301,Viladecans,1313.0
159660,Renta bruta media por persona,2020,"12.566,0",08904,Badia del Vallès,12566.0
159661,Renta bruta media por persona,2019,"12.538,0",08904,Badia del Vallès,12538.0
159666,Fuente de ingreso: salario,2020,"7.285,0",08904,Badia del Vallès,7285.0
159667,Fuente de ingreso: salario,2019,"7.733,0",08904,Badia del Vallès,7733.0
159672,Fuente de ingreso: pensiones,2020,"3.275,0",08904,Badia del Vallès,3275.0
159673,Fuente de ingreso: pensiones,2019,"3.177,0",08904,Badia del Vallès,3177.0
159678,Fuente de ingreso: prestaciones por desempleo,2020,"751,0",08904,Badia del Vallès,751.0
159679,Fuente de ingreso: prestaciones por desempleo,2019,"329,0",08904,Badia del Vallès,329.0
159684,Fuente de ingreso: otras prestaciones,2020,"935,0",08904,Badia del Vallès,935.0
159685,Fuente de ingreso: otras prestaciones,2019,"920,0",08904,Badia del Vallès,920.0
159690,Fuente de ingreso: otros ingresos,2020,"319,0",08904,Badia del Vallès,319.0
159691,Fuente de ingreso: otros ingresos,2019,"380,0",08904,Badia del Vallès,380.0
